,Ticker,username,Name,Industry,Total ESG Risk Score,Environment Risk Score,Social Risk Score,Governance Risk Score,user_id
0,MMM,3m,3M Company (MMM),Industrials,34,12.6,12.6,8.4,378197959
1,AOS,aosmithhotwater,A. O. Smith Corporation (AOS),Industrials,32,9.5,14.9,7.6,50405635
2,ABT,abbottnews,Abbott Laboratories (ABT),Health Care,31,3.7,15.9,11.6,360054369
3,ABBV,abbvie,AbbVie Inc. (ABBV),Health Care,30,1.0,16.5,12.8,531892451
4,ACN,accenture,Accenture plc (ACN),Information Technology,15,1.0,8.2,6.3,10194682
5,ATVI,atvi_ab,"Activision Blizzard, Inc. (ATVI)",Communication Services,17,0.2,10.5,6.1,753670706311815169
6,ADBE,adobe,Adobe Inc. (ADBE),Information Technology,14,0.4,8.1,5.1,63786611
7,AAP,advanceauto,"Advance Auto Parts, Inc. (AAP)",Consumer Discretionary,13,0.1,9.1,3.7,76762658
8,AES,theaescorp,The AES Corporation (AES),Utilities,34,19.2,8.6,5.9,2541746143
9,AFL,aflac,Aflac Incorporated (AFL),Financials,24,2.1,8.0,13.6,23797083
10,A,agilent,"Agilent Technologies, Inc. (A)",Health Care,18,0.9,9.4,7.2,17278322
11,APD,airproducts,"Air Products and Chemicals, Inc. (APD)",Materials,12,6.4,1.6,3.7,109634966
12,AKAM,akamai,"Akamai Technologies, Inc. (AKAM)",Information Technology,21,1.8,11.8,7.3,19622847
13,ALB,albemarlecorp,Albemarle Corporation (ALB),Materials,37,19.7,8.9,8.7,342316270
14,ALXN,alexionpharma,"Alexion Pharmaceuticals, Inc. (ALXN)",Health Care,27,0.1,18.5,8.3,246664765
15,ALLE,allegionplc,Allegion plc (ALLE),Industrials,24,13.5,4.2,6.2,1516733046
16,ADS,alliancedata,Alliance Data Systems Corporation (ADS),Information Technology,17,0.1,10.7,6.1,30875335
17,LNT,alliantenergy,Alliant Energy Corporation (LNT),Utilities,35,18.5,10.1,6.8,14777626
18,ALL,allstate,The Allstate Corporation (ALL),Financials,21,1.5,8.6,11.3,14275290
19,GOOGL,alphabetlnc,Alphabet Inc. (GOOGL),Communication Services,30,0.9,15.9,12.8,3311858486
20,MO,altrianews,"Altria Group, Inc. (MO)",Consumer Staples,25,6.3,12.9,5.9,267893832
21,AMZN,amazon,"Amazon.com, Inc. (AMZN)",Consumer Discretionary,31,5.8,13.7,11.0,20793816
22,AAL,americanair,American Airlines Group Inc. (AAL),Industrials,30,11.0,14.0,5.0,22536055
23,AEP,aepnews,"American Electric Power Company, Inc. (AEP)",Utilities,31,16.0,9.0,6.0,41377904
24,AXP,americanexpress,American Express Company (AXP),Financials,22,0.0,12.0,10.0,42712551
25,AIG,aiginsurance,"American International Group, Inc. (AIG)",Financials,29,2.0,12.0,16.0,126118683
26,REIT,americantowerus,American Tower Corporation (REIT) (AMT),Real Estate,18,6.0,7.0,6.0,1254843498479616003
27,AWK,amwater,"American Water Works Company, Inc. (AWK)",Utilities,29,13.0,10.0,6.0,25565709
28,ABC,healthcare_abc,AmerisourceBergen Corporation (ABC),Health Care,18,3.0,9.0,6.0,288863891
29,AME,ametekinc,"AMETEK, Inc. (AME)",Industrials,29,9.0,12.0,8.0,256996215
30,AMGN,amgen,Amgen Inc. (AMGN),Health Care,23,0.0,16.0,7.0,28436760
31,APH,amphenol,Amphenol Corporation (APH),Information Technology,24,10.0,6.0,8.0,1577735078
32,ADI,adi_news,"Analog Devices, Inc. (ADI)",Information Technology,26,11.0,8.0,8.0,37722624
33,ANSS,ansys,"ANSYS, Inc. (ANSS)",Information Technology,16,1.0,10.0,5.0,33647963
34,ANTM,antheminc,"Anthem, Inc. (ANTM)",Health Care,17,0.0,10.0,6.0,435302260
35,AON,aon_plc,Aon Plc (AON),Financials,23,0.0,10.0,12.0,22152077
36,AIV,aimcoapts,Apartment Investment and Management Company (AIV),Real Estate,19,7.0,5.0,6.0,37070250
37,AAPL,apple,Apple Inc. (AAPL),Information Technology,24,1.0,13.0,10.0,380749300
38,AMAT,applied4tech,"Applied Materials, Inc. (AMAT)",Information Technology,17,5.0,5.0,6.0,64784531
39,APTV,aptiv,Aptiv PLC (APTV),Consumer Discretionary,19,4.0,8.0,8.0,815759221
40,ADM,admupdates,Archer-Daniels-Midland Company (ADM),Consumer Staples,35,16.0,14.0,6.0,358252545
41,ANET,aristanetworks,"Arista Networks, Inc. (ANET)",Information Technology,20,1.0,10.0,9.0,57422003
42,AJG,gallagherglobal,Arthur J. Gallagher & Co. (AJG),Financials,25,0.0,11.0,14.0,123675833
43,AIZ,assurant,"Assurant, Inc. (AIZ)",Financials,26,1.0,11.0,14.0,600986080
44,T,att,AT&T Inc. (T),Communication Services,19,2.0,11.0,6.0,14620190
45,ATO,atmosenergy,Atmos Energy Corporation (ATO),Utilities,35,14.0,14.0,7.0,29976734
46,ADSK,autodesk,"Autodesk, Inc. (ADSK)",Information Technology,20,1.0,13.0,6.0,31957731
47,ADP,adp,"Automatic Data Processing, Inc. (ADP)",Information Technology,15,0.0,8.0,6.0,19992977
48,AZO,autozone,"AutoZone, Inc. (AZO)",Consumer Discretionary,12,0.0,8.0,4.0,278221207
49,AVB,avalonbay,"AvalonBay Communities, Inc. (AVB)",Real Estate,13,4.0,4.0,5.0,15928324
50,AVY,averydennison,Avery Dennison Corporation (AVY),Materials,19,13.0,2.0,4.0,166042524
51,BLL,ballcorphq,Ball Corporation (BLL),Materials,15,9.0,1.0,4.0,22986858
52,BAC,bankofamerica,Bank of America Corporation (BAC),Financials,28,2.0,16.0,10.0,204881628
53,BAX,baxter_intl,Baxter International Inc. (BAX),Health Care,29,3.0,17.0,9.0,46511103
54,BBY,bestbuy,"Best Buy Co., Inc. (BBY)",Consumer Discretionary,12,2.0,5.0,5.0,17475575
55,BIIB,biogen,Biogen Inc. (BIIB),Health Care,23,0.0,15.0,8.0,155650832
56,BA,boeing,The Boeing Company (BA),Industrials,39,8.0,21.0,10.0,25103967
57,BKNG,bookingholdings,Booking Holdings Inc. (BKNG),Consumer Discretionary,19,4.0,9.0,6.0,4705763776
58,BWA,borgwarner,BorgWarner Inc. (BWA),Consumer Discretionary,24,5.0,11.0,8.0,2840393289
59,BXP,bxpboston,"Boston Properties, Inc. (BXP)",Real Estate,14,4.0,5.0,5.0,867455207776636928
60,BSX,bostonsci,Boston Scientific Corporation (BSX),Health Care,36,3.0,20.0,12.0,214210756
61,BMY,bmsnews,Bristol-Myers Squibb Company (BMY),Health Care,28,1.0,16.0,11.0,34010976
62,AVGO,broadcom,Broadcom Inc. (AVGO),Information Technology,26,9.0,8.0,9.0,338504881
63,BR,broadridge,"Broadridge Financial Solutions, Inc. (BR)",Information Technology,20,0.0,12.0,8.0,15069827
64,CHRW,chrobinson,"C.H. Robinson Worldwide, Inc. (CHRW)",Industrials,26,7.0,13.0,6.0,259440099
65,COG,cabotog,Cabot Oil & Gas Corporation (COG),Energy,50,24.0,16.0,10.0,317777055
66,CDNS,cadence,"Cadence Design Systems, Inc. (CDNS)",Information Technology,17,1.0,10.0,6.0,18793792
67,CPB,campbellsoupco,Campbell Soup Company (CPB),Consumer Staples,24,9.0,10.0,5.0,37008048
68,COF,capitalone,Capital One Financial Corporation (COF),Financials,26,0.0,16.0,10.0,364477412
69,CAH,cardinalhealth,"Cardinal Health, Inc. (CAH)",Health Care,14,2.0,8.0,5.0,256225105
70,KMX,carmax,"CarMax, Inc. (KMX)",Consumer Discretionary,14,0.0,9.0,5.0,7023592
71,CCL,carnivalplc,Carnival Corporation & Plc (CCL),Consumer Discretionary,22,9.0,9.0,4.0,2798188974
72,CAT,caterpillarinc,Caterpillar Inc. (CAT),Industrials,38,7.0,21.0,10.0,15101714
73,CBOE,cboe,"Cboe Global Markets, Inc. (CBOE)",Financials,22,3.0,9.0,9.0,16827489
74,CE,celanese,Celanese Corporation (CE),Materials,30,15.0,8.0,8.0,263650295
75,CNP,centerpoint,"CenterPoint Energy, Inc. (CNP)",Utilities,32,14.0,12.0,6.0,121181792
76,CTL,centurylink,"CenturyLink, Inc. (CTL)",Communication Services,26,5.0,13.0,8.0,44182242
77,CERN,cerner,Cerner Corporation (CERN),Health Care,20,0.0,13.0,7.0,34710922
78,SCHW,charlesschwab,The Charles Schwab Corporation (SCHW),Financials,27,2.0,11.0,14.0,132703700
79,CHTR,charternewsroom,"Charter Communications, Inc. (CHTR)",Communication Services,20,2.0,9.0,8.0,121165704
80,CVX,chevron,Chevron Corporation (CVX),Energy,40,18.0,12.0,10.0,21021891
81,CMG,chipotletweets,"Chipotle Mexican Grill, Inc. (CMG)",Consumer Discretionary,25,4.0,15.0,6.0,141341662
82,CI,cigna,Cigna Corporation (CI),Health Care,63,76.0,53.0,67.0,37687077
83,CTAS,cintascorp,Cintas Corporation (CTAS),Industrials,25,5.0,12.0,7.0,17908262
84,C,citi,Citigroup Inc. (C),Financials,29,2.0,13.0,14.0,79320096
85,CFG,cfgcommercial,"Citizens Financial Group, Inc. (CFG)",Financials,28,2.0,14.0,12.0,156674874
86,CTXS,ctxs,"Citrix Systems, Inc. (CTXS)",Information Technology,19,1.0,11.0,6.0,18224689
87,CME,cmegroup,CME Group Inc. (CME),Financials,17,3.0,7.0,6.0,15935591
88,KO,cocacolaco,The Coca-Cola Company (KO),Consumer Staples,26,9.0,12.0,5.0,23482357
89,CTSH,cognizant,Cognizant Technology Solutions Corporation (CTSH),Information Technology,19,1.0,10.0,8.0,69687111
90,CL,cp_news,Colgate-Palmolive Company (CL),Consumer Staples,22,6.0,9.0,6.0,128668358
91,CMCSA,comcast,Comcast Corporation (CMCSA),Communication Services,20,1.0,9.0,9.0,89587925
92,CAG,conagrabrands,"Conagra Brands, Inc. (CAG)",Consumer Staples,29,9.0,14.0,6.0,92357890
93,CXO,conchooilfield,Concho Resources Inc. (CXO),Energy,52,27.0,14.0,10.0,1447539685
94,ED,conedison,"Consolidated Edison, Inc. (ED)",Utilities,29,8.0,14.0,7.0,20262083
95,STZ,cbrands,"Constellation Brands, Inc. (STZ)",Consumer Staples,23,8.0,9.0,6.0,898196334540402688
96,CPRT,copart,"Copart, Inc. (CPRT)",Industrials,24,5.0,11.0,8.0,400724545
97,GLW,corning,Corning Incorporated (GLW),Information Technology,20,7.0,5.0,8.0,65457124
98,COST,costco,Costco Wholesale Corporation (COST),Consumer Staples,22,5.0,11.0,7.0,1056152593
99,COTY,cotyinc,Coty Inc. (COTY),Consumer Staples,32,14.0,10.0,8.0,456525263
100,REIT,crowncastle,Crown Castle International Corp. (REIT) (CCI),Real Estate,21,9.0,5.0,6.0,2314333092
101,CSX,csx,CSX Corporation (CSX),Industrials,22,7.0,12.0,3.0,15724503
102,CMI,cummins,Cummins Inc. (CMI),Industrials,19,3.0,9.0,6.0,87299367
103,DHI,drhorton,"D.R. Horton, Inc. (DHI)",Consumer Discretionary,21,8.0,7.0,6.0,113137199
104,DRI,darden,"Darden Restaurants, Inc. (DRI)",Consumer Discretionary,22,6.0,12.0,5.0,372854615
105,DVA,davita,DaVita Inc. (DVA),Health Care,21,0.0,12.0,9.0,28676469
106,DE,johndeere,Deere & Company (DE),Industrials,18,5.0,10.0,3.0,18726666
107,DAL,delta,"Delta Air Lines, Inc. (DAL)",Industrials,26,9.0,12.0,5.0,5920532
108,XRAY,dentsplysirona,DENTSPLY SIRONA Inc. (XRAY),Health Care,20,3.0,11.0,7.0,132189140
109,DVN,devonenergy,Devon Energy Corporation (DVN),Energy,34,17.0,11.0,6.0,21628891
110,DXCM,dexcom,"DexCom, Inc. (DXCM)",Health Care,42,6.0,23.0,13.0,19696161
111,DFS,discover,Discover Financial Services (DFS),Financials,21,0.0,11.0,10.0,16147150
112,DISCA,discoveryinctv,"Discovery, Inc. (DISCA)",Communication Services,18,0.0,9.0,9.0,22061951
113,DISH,dish,DISH Network Corporation (DISH),Communication Services,21,2.0,10.0,9.0,17170147
114,DLTR,dollartree,"Dollar Tree, Inc. (DLTR)",Consumer Discretionary,20,4.0,10.0,6.0,94558801
115,D,dominionenergy,"Dominion Energy, Inc. (D)",Utilities,32,15.0,11.0,6.0,82653001
116,DPZ,dpz,"Domino's Pizza, Inc. (DPZ)",Consumer Discretionary,28,6.0,15.0,7.0,208770264
117,DOV,dovercorp,Dover Corporation (DOV),Industrials,33,9.0,16.0,8.0,602108840
118,DTE,dte_energy,DTE Energy Company (DTE),Utilities,31,14.0,10.0,6.0,56693003
119,DUK,dukeenergy,Duke Energy Corporation (DUK),Utilities,34,16.0,12.0,7.0,81192849
120,DRE,dukerealty,Duke Realty Corporation (DRE),Real Estate,17,6.0,6.0,5.0,2615571337
121,DD,dupont_news,"DuPont de Nemours, Inc. (DD)",Materials,31,13.0,10.0,8.0,24054721
122,DXC,dxctechnology,DXC Technology Company (DXC),Information Technology,16,0.0,10.0,6.0,599689553
123,ETFC,etrade,E*TRADE Financial Corporation (ETFC),Financials,27,2.0,12.0,14.0,32570672
124,EMN,eastmanchemco,Eastman Chemical Company (EMN),Materials,28,13.0,7.0,8.0,76979060
125,ETN,eatoncorp,Eaton Corporation plc (ETN),Industrials,17,5.0,6.0,5.0,19032584
126,EBAY,ebay,eBay Inc. (EBAY),Consumer Discretionary,20,2.0,11.0,7.0,19709040
127,ECL,ecolab,Ecolab Inc. (ECL),Materials,31,14.0,10.0,7.0,250684710
128,EIX,edisonintl,Edison International (EIX),Utilities,36,15.0,13.0,8.0,304573348
129,EW,edwardslifesci,Edwards Lifesciences Corporation (EW),Health Care,19,3.0,9.0,8.0,3040464564
130,EA,ea,Electronic Arts Inc. (EA),Communication Services,15,0.0,9.0,6.0,15234657
131,EMR,emerson_news,Emerson Electric Co. (EMR),Industrials,31,9.0,14.0,8.0,62622531
132,ETR,entergy,Entergy Corporation (ETR),Utilities,35,15.0,14.0,6.0,34407641
133,EOG,eog_news,"EOG Resources, Inc. (EOG)",Energy,45,24.0,13.0,8.0,3088691987
134,EFX,equifax,Equifax Inc. (EFX),Industrials,28,0.0,21.0,7.0,268020193
135,EQR,equityres,Equity Residential (EQR),Real Estate,16,4.0,5.0,6.0,351035923
136,EL,elcompanies,The Estee Lauder Companies Inc. (EL),Consumer Staples,26,8.0,9.0,8.0,316477952
137,RE,everest_re,"Everest Re Group, Ltd. (RE)",Financials,28,2.0,12.0,14.0,172720073
138,ES,eversourcecorp,Eversource Energy (ES),Utilities,23,7.0,9.0,7.0,19933146
139,EXC,exelon,Exelon Corporation (EXC),Utilities,26,10.0,9.0,7.0,62643747
140,EXPE,expediagroup,"Expedia Group, Inc. (EXPE)",Consumer Discretionary,23,4.0,11.0,8.0,56421139
141,EXR,extraspace,Extra Space Storage Inc. (EXR),Real Estate,16,5.0,4.0,7.0,17379892
142,XOM,exxonmobil,Exxon Mobil Corporation (XOM),Energy,34,17.0,9.0,8.0,36665547
143,FFIV,f5networks,"F5 Networks, Inc. (FFIV)",Information Technology,18,1.0,11.0,5.0,6479382
144,FB,facebook,"Facebook, Inc. (FB)",Communication Services,33,2.0,19.0,12.0,2425151
145,FAST,fastenalcompany,Fastenal Company (FAST),Industrials,22,7.0,8.0,7.0,109268832
146,FRT,federalrealty,Federal Realty Investment Trust (FRT),Real Estate,16,4.0,5.0,7.0,76672941
147,FDX,fedex,FedEx Corporation (FDX),Industrials,21,6.0,9.0,6.0,134887156
148,FIS,fisglobal,"Fidelity National Information Services, Inc. (FIS)",Information Technology,19,0.0,12.0,7.0,80619946
149,FITB,fifththird,Fifth Third Bancorp (FITB),Financials,27,2.0,13.0,11.0,231213589
150,FRC,firstrepublic,First Republic Bank (FRC),Financials,26,2.0,12.0,12.0,34715589
151,FISV,fiserv,"Fiserv, Inc. (FISV)",Information Technology,20,0.0,12.0,7.0,18506925
152,FLT,fleetcor,"FLEETCOR Technologies, Inc. (FLT)",Information Technology,20,0.0,12.0,8.0,1222130588469153792
153,FLS,flowserve,Flowserve Corporation (FLS),Industrials,37,11.0,19.0,7.0,134894883
154,FMC,fmccorp,FMC Corporation (FMC),Materials,37,18.0,13.0,7.0,733462130
155,F,ford,Ford Motor Company (F),Consumer Discretionary,30,9.0,10.0,10.0,15676492
156,FTNT,fortinet,"Fortinet, Inc. (FTNT)",Information Technology,22,1.0,14.0,6.0,13967482
157,FTV,fortivecorp,Fortive Corporation (FTV),Industrials,32,10.0,15.0,7.0,759118866828013569
158,FBHS,fbhs_news,"Fortune Brands Home & Security, Inc. (FBHS)",Industrials,26,14.0,4.0,8.0,384573981
159,FOXA,foxcorp,Fox Corporation (FOXA),Communication Services,50,59.0,45.0,53.0,1242854042059059204
160,GRMN,garminnews,Garmin Ltd. (GRMN),Consumer Discretionary,21,5.0,10.0,6.0,1141073531804893184
161,IT,gartner_inc,"Gartner, Inc. (IT)",Information Technology,29,0.0,20.0,9.0,15231287
162,GE,generalelectric,General Electric Company (GE),Industrials,46,15.0,19.0,12.0,267399199
163,GIS,generalmills,"General Mills, Inc. (GIS)",Consumer Staples,22,7.0,10.0,6.0,280557152
164,GM,gm,General Motors Company (GM),Consumer Discretionary,31,10.0,12.0,9.0,10850192
165,GPC,genuinepartsco,Genuine Parts Company (GPC),Consumer Discretionary,13,4.0,5.0,4.0,1092453925935034370
166,GILD,gileadsciences,"Gilead Sciences, Inc. (GILD)",Health Care,22,0.0,14.0,8.0,309728693
167,GPN,globalpayinc,Global Payments Inc. (GPN),Information Technology,22,0.0,14.0,8.0,478912243
168,GL,globelife,Globe Life Inc. (GL),Financials,27,2.0,9.0,16.0,58502355
169,GS,goldmansachs,"The Goldman Sachs Group, Inc. (GS)",Financials,32,1.0,15.0,16.0,253167239
170,GWW,grainger,"W.W. Grainger, Inc. (GWW)",Industrials,13,1.0,5.0,6.0,155541003
171,HAL,halliburton,Halliburton Company (HAL),Energy,30,11.0,11.0,8.0,288290125
172,HBI,hanesbrands,Hanesbrands Inc. (HBI),Consumer Discretionary,14,1.0,7.0,6.0,763107598451154945
173,HOG,harleydavidson,"Harley-Davidson, Inc. (HOG)",Consumer Discretionary,18,4.0,8.0,6.0,17169239
174,HIG,thehartford,"The Hartford Financial Services Group, Inc. (HIG)",Financials,21,1.0,9.0,10.0,19614674
175,HAS,hasbro,"Hasbro, Inc. (HAS)",Consumer Discretionary,13,0.0,7.0,6.0,78482616
176,HCA,hcahealthcare,"HCA Healthcare, Inc. (HCA)",Health Care,28,3.0,17.0,8.0,64481865
177,HSIC,henryschein,"Henry Schein, Inc. (HSIC)",Health Care,15,4.0,6.0,6.0,17610945
178,HES,hesscorporation,Hess Corporation (HES),Energy,32,18.0,7.0,7.0,44996346
179,HPE,hpe_news,Hewlett Packard Enterprise Company (HPE),Information Technology,17,1.0,10.0,7.0,14180249
180,HLT,hiltonhotels,Hilton Worldwide Holdings Inc. (HLT),Consumer Discretionary,21,8.0,8.0,4.0,64510593
181,HOLX,hologic,"Hologic, Inc. (HOLX)",Health Care,36,5.0,20.0,11.0,30007936
182,HRL,hormelfoods,Hormel Foods Corporation (HRL),Consumer Staples,28,11.0,12.0,5.0,12494562
183,HST,hosthotelsinc,"Host Hotels & Resorts, Inc. (HST)",Real Estate,14,4.0,5.0,6.0,973896018927419394
184,HPQ,hp,HP Inc. (HPQ),Information Technology,12,0.0,6.0,6.0,17193794
185,HUM,humana,Humana Inc. (HUM),Health Care,24,0.0,17.0,6.0,24160942
186,HBAN,huntington_bank,Huntington Bancshares Incorporated (HBAN),Financials,23,2.0,12.0,9.0,78067917
187,IEX,idexcorp,IDEX Corporation (IEX),Industrials,34,11.0,15.0,8.0,1135986667800748034
188,IDXX,idexx,"IDEXX Laboratories, Inc. (IDXX)",Health Care,28,5.0,10.0,13.0,33547339
189,INFO,ihsmarkit,IHS Markit Ltd. (INFO),Industrials,23,0.0,16.0,7.0,65739179
190,ITW,itwcareers,Illinois Tool Works Inc. (ITW),Industrials,21,5.0,10.0,6.0,575574449
191,ILMN,illumina,"Illumina, Inc. (ILMN)",Health Care,15,1.0,6.0,7.0,46145761
192,INCY,incyte,Incyte Corporation (INCY),Health Care,28,0.0,20.0,7.0,3911174913
193,INTC,intel,Intel Corporation (INTC),Information Technology,16,4.0,5.0,7.0,2803191
194,ICE,ice_markets,"Intercontinental Exchange, Inc. (ICE)",Financials,16,2.0,7.0,7.0,25570548
195,IBM,ibm,International Business Machines Corporation (IBM),Information Technology,18,0.0,10.0,7.0,18994444
196,IP,intlpaperco,International Paper Company (IP),Materials,27,17.0,4.0,5.0,1454477221
197,IPG,interpublicipg,"The Interpublic Group of Companies, Inc. (IPG)",Communication Services,16,0.0,10.0,6.0,378077984
198,IFF,iff,International Flavors & Fragrances Inc. (IFF),Materials,25,11.0,6.0,8.0,2548353648
199,INTU,intuit,Intuit Inc. (INTU),Information Technology,18,1.0,11.0,6.0,1125071
200,IVZ,invescoltd,Invesco Ltd. (IVZ),Financials,26,1.0,13.0,11.0,436817099
201,IPGP,ipgphotonics,IPG Photonics Corporation (IPGP),Information Technology,14,3.0,4.0,6.0,893144049217134593
202,IQV,iqvia_global,IQVIA Holdings Inc. (IQV),Health Care,24,2.0,15.0,8.0,727448203180822528
203,IRM,ironmountain,Iron Mountain Incorporated (IRM),Real Estate,16,6.0,4.0,6.0,21429357
204,JBHT,jbhunt360,"J.B. Hunt Transport Services, Inc. (JBHT)",Industrials,21,6.0,8.0,6.0,2528862373
205,J,jacobsconnects,Jacobs Engineering Group Inc. (J),Industrials,34,6.0,18.0,9.0,14245324
206,SJM,smuckers,The J. M. Smucker Company (SJM),Consumer Staples,27,11.0,10.0,6.0,314824715
207,JNJ,jnjnews,Johnson & Johnson (JNJ),Health Care,35,1.0,22.0,11.0,20457806
208,JCI,johnsoncontrols,Johnson Controls International plc (JCI),Industrials,18,6.0,5.0,7.0,1280469980
209,JPM,jpmorgan,JPMorgan Chase & Co. (JPM),Financials,22,1.0,12.0,9.0,1155522630
210,JNPR,junipernetworks,"Juniper Networks, Inc. (JNPR)",Information Technology,16,0.0,8.0,8.0,14775374
211,K,kelloggcompany,Kellogg Company (K),Consumer Staples,26,7.0,14.0,5.0,454213077
212,KEY,keycorp,KeyCorp (KEY),Financials,25,2.0,12.0,11.0,16291692
213,KMB,kccorp,Kimberly-Clark Corporation (KMB),Consumer Staples,22,8.0,7.0,7.0,151233724
214,KIM,kimcorealty,Kimco Realty Corporation (KIM),Real Estate,14,4.0,4.0,6.0,122393786
215,KMI,kinder_morgan,"Kinder Morgan, Inc. (KMI)",Energy,24,9.0,10.0,4.0,103085208
216,KLAC,klacorp,KLA Corporation (KLAC),Information Technology,20,7.0,7.0,6.0,297676668
217,KSS,kohlsnews,Kohl's Corporation (KSS),Consumer Discretionary,16,2.0,9.0,5.0,882615036614774786
218,KHC,kraftheinzco,The Kraft Heinz Company (KHC),Consumer Staples,32,12.0,14.0,6.0,114816952
219,LB,l_brands,"L Brands, Inc. (LB)",Consumer Discretionary,16,2.0,7.0,6.0,100516599
220,LH,labcorp,Laboratory Corporation of America Holdings (LH),Health Care,19,1.0,11.0,8.0,57214964
221,LRCX,lamresearch,Lam Research Corporation (LRCX),Information Technology,17,4.0,6.0,6.0,16686919
222,LVS,lasvegassands,Las Vegas Sands Corp. (LVS),Consumer Discretionary,19,2.0,9.0,8.0,278895111
223,LEG,leggettandplatt,"Leggett & Platt, Incorporated (LEG)",Consumer Discretionary,36,11.0,16.0,9.0,54681390
224,LDOS,leidosinc,"Leidos Holdings, Inc. (LDOS)",Information Technology,20,1.0,13.0,7.0,247365368
225,LEN,lennar,Lennar Corporation (LEN),Consumer Discretionary,23,8.0,9.0,6.0,15397465
226,LLY,lillypad,Eli Lilly and Company (LLY),Health Care,34,2.0,20.0,13.0,172496840
227,LNC,lincolnfingroup,Lincoln National Corporation (LNC),Financials,23,2.0,10.0,12.0,48580514
228,LMT,lockheedmartin,Lockheed Martin Corporation (LMT),Industrials,31,7.0,16.0,7.0,42871498
229,L,lcareers,Loews Corporation (L),Financials,16,1.0,4.0,11.0,437742345
230,LOW,lowes,"Lowe's Companies, Inc. (LOW)",Consumer Discretionary,13,4.0,5.0,3.0,19336500
231,LYB,lyondellbasell,LyondellBasell Industries N.V. (LYB),Materials,26,16.0,3.0,7.0,135221263
232,MTB,mandt_bank,M&T Bank Corporation (MTB),Financials,28,2.0,13.0,12.0,82382893
233,MRO,marathonoil,Marathon Oil Corporation (MRO),Energy,43,24.0,11.0,9.0,15766628
234,MPC,marathonpetroco,Marathon Petroleum Corporation (MPC),Energy,39,23.0,9.0,6.0,320962473
235,MAR,marriottintl,"Marriott International, Inc. (MAR)",Consumer Discretionary,25,10.0,11.0,5.0,14140913
236,MLM,martinmarietta,"Martin Marietta Materials, Inc. (MLM)",Materials,33,19.0,5.0,9.0,180912714
237,MAS,mascolma,Masco Corporation (MAS),Industrials,21,11.0,4.0,6.0,1390182186
238,MA,mastercard,Mastercard Incorporated (MA),Information Technology,17,0.0,8.0,9.0,75014376
239,MXIM,maximintegrated,"Maxim Integrated Products, Inc. (MXIM)",Information Technology,24,9.0,7.0,7.0,32618940
240,MKC,mccormickcorp,"McCormick & Company, Incorporated (MKC)",Consumer Staples,32,11.0,15.0,6.0,3031338755
241,MCD,mcdonaldscorp,McDonald's Corporation (MCD),Consumer Discretionary,25,4.0,15.0,6.0,111679943
242,MCK,mckesson,McKesson Corporation (MCK),Health Care,20,2.0,12.0,6.0,148872151
243,MDT,medtronic,Medtronic plc (MDT),Health Care,27,2.0,14.0,10.0,52846066
244,MRK,merck,"Merck & Co., Inc. (MRK)",Health Care,28,2.0,15.0,11.0,35961145
245,MET,metlife,"MetLife, Inc. (MET)",Financials,23,1.0,11.0,12.0,78661839
246,MTD,mettlertoledo,Mettler-Toledo International Inc. (MTD),Health Care,12,1.0,6.0,6.0,532952294
247,MGM,mgmresortsintl,MGM Resorts International (MGM),Consumer Discretionary,25,2.0,11.0,12.0,2216675940
248,MCHP,microchiptech,Microchip Technology Incorporated (MCHP),Information Technology,34,16.0,9.0,9.0,16351266
249,MU,microntech,"Micron Technology, Inc. (MU)",Information Technology,34,17.0,9.0,8.0,19037711
250,MSFT,microsoft,Microsoft Corporation (MSFT),Information Technology,16,0.0,10.0,5.0,74286565
251,MHK,mhkgreenworks,"Mohawk Industries, Inc. (MHK)",Consumer Discretionary,15,6.0,4.0,5.0,30042497
252,TAP,molsoncoors,Molson Coors Beverage Company (TAP),Consumer Staples,19,6.0,7.0,6.0,441998843
253,MDLZ,mdlz,"Mondelez International, Inc. (MDLZ)",Consumer Staples,26,10.0,11.0,6.0,2215976798
254,MNST,monsterenergy,Monster Beverage Corporation (MNST),Consumer Staples,33,14.0,12.0,7.0,63253045
255,MCO,moodyscorp,Moody's Corporation (MCO),Financials,14,0.0,8.0,6.0,256648662
256,MS,morganstanley,Morgan Stanley (MS),Financials,24,1.0,13.0,9.0,426159377
257,MSI,motosolutions,"Motorola Solutions, Inc. (MSI)",Information Technology,15,1.0,8.0,5.0,195702287
258,MSCI,msci_inc,MSCI Inc. (MSCI),Financials,23,0.0,16.0,7.0,59155308
259,MYL,mylannews,"Mylan, Inc. (MYL)",Health Care,38,2.0,19.0,16.0,293754638
260,NDAQ,nasdaq,"Nasdaq, Inc. (NDAQ)",Financials,17,2.0,8.0,7.0,18639734
261,NOV,novglobal,"National Oilwell Varco, Inc. (NOV)",Energy,34,13.0,13.0,9.0,2588219916
262,NTAP,netapp,"NetApp, Inc. (NTAP)",Information Technology,20,3.0,10.0,6.0,15897465
263,NWL,newell_brands,Newell Brands Inc. (NWL),Consumer Discretionary,15,6.0,5.0,4.0,121580581
264,NEM,newmontcorp,Newmont Corporation (NEM),Materials,24,10.0,9.0,5.0,437789543
265,NWSA,newscorp,News Corporation (NWSA),Communication Services,14,0.0,6.0,8.0,1516521758
266,NEE,nexteraenergy,"NextEra Energy, Inc. (NEE)",Utilities,30,15.0,9.0,6.0,94190179
267,NLSN,nielsenir,Nielsen Holdings plc (NLSN),Industrials,23,0.0,16.0,7.0,859654890
268,NKE,nike,"NIKE, Inc. (NKE)",Consumer Discretionary,17,2.0,6.0,8.0,415859364
269,NI,nisourceinc,NiSource Inc. (NI),Utilities,32,15.0,10.0,7.0,2329361226
270,NSC,nscorp,Norfolk Southern Corporation (NSC),Industrials,24,9.0,12.0,4.0,66472414
271,NTRS,northerntrust,Northern Trust Corporation (NTRS),Financials,25,2.0,12.0,11.0,308506248
272,NLOK,nortonlifelock,NortonLifeLock Inc. (NLOK),Information Technology,16,1.0,10.0,6.0,1173980018009001984
273,NCLH,cruisenorwegian,Norwegian Cruise Line Holdings Ltd. (NCLH),Consumer Discretionary,27,13.0,11.0,4.0,17045115
274,NRG,nrgenergy,"NRG Energy, Inc. (NRG)",Utilities,40,21.0,11.0,8.0,32880255
275,NUE,nucorcorp,Nucor Corporation (NUE),Materials,38,15.0,14.0,9.0,361259570
276,NVDA,nvidia,NVIDIA Corporation (NVDA),Information Technology,13,2.0,4.0,7.0,61559439
277,ORLY,oreillyauto,"O'Reilly Automotive, Inc. (ORLY)",Consumer Discretionary,13,0.0,9.0,4.0,32516857
278,OXY,weareoxy,Occidental Petroleum Corporation (OXY),Energy,43,23.0,12.0,8.0,42641711
279,OKE,oneok,"ONEOK, Inc. (OKE)",Energy,27,13.0,10.0,4.0,64834590
280,ORCL,oracle,Oracle Corporation (ORCL),Information Technology,18,0.0,11.0,7.0,809273
281,PKG,packagingcorp,Packaging Corporation of America (PKG),Materials,19,13.0,2.0,4.0,2645632766
282,PH,parkerhannifin,Parker-Hannifin Corporation (PH),Industrials,30,7.0,15.0,8.0,112423234
283,PAYX,paychex,"Paychex, Inc. (PAYX)",Information Technology,16,0.0,9.0,7.0,39750799
284,PYPL,paypal,"PayPal Holdings, Inc. (PYPL)",Information Technology,19,0.0,12.0,8.0,30018058
285,PNR,pentair,Pentair plc (PNR),Industrials,31,9.0,16.0,7.0,3070701243
286,PBCT,peoplesunited,"People's United Financial, Inc. (PBCT)",Financials,27,3.0,13.0,11.0,209116528
287,PEP,pepsico,"PepsiCo, Inc. (PEP)",Consumer Staples,22,7.0,10.0,5.0,21346619
288,PKI,perkinelmer,"PerkinElmer, Inc. (PKI)",Health Care,21,2.0,13.0,7.0,128564900
289,PRGO,perrigocompany,Perrigo Company plc (PRGO),Health Care,41,3.0,24.0,13.0,1430592241
290,PFE,pfizer,Pfizer Inc. (PFE),Health Care,33,2.0,18.0,13.0,56488059
291,PM,insidepmi,Philip Morris International Inc. (PM),Consumer Staples,29,7.0,14.0,8.0,914311278
292,PSX,phillips66co,Phillips 66 (PSX),Energy,31,19.0,7.0,5.0,405085229
293,PXD,pxdtweets,Pioneer Natural Resources Company (PXD),Energy,45,23.0,13.0,9.0,979244048
294,PNC,pncbank,"The PNC Financial Services Group, Inc. (PNC)",Financials,20,2.0,10.0,8.0,40059448
295,PFG,principal,"Principal Financial Group, Inc. (PFG)",Financials,22,2.0,9.0,12.0,164365554
296,PGR,progressive,The Progressive Corporation (PGR),Financials,25,2.0,9.0,13.0,3331681
297,PLD,prologis,"Prologis, Inc. (PLD)",Real Estate,10,3.0,3.0,5.0,108336372
298,PRU,prudential,"Prudential Financial, Inc. (PRU)",Financials,19,1.0,10.0,8.0,1194947442
299,PEG,psegnews,Public Service Enterprise Group Incorporated (PEG),Utilities,29,14.0,10.0,5.0,234823795
300,PSA,publicstorage,Public Storage (PSA),Real Estate,18,6.0,6.0,6.0,25362591
301,PHM,pultegroupnews,"PulteGroup, Inc. (PHM)",Consumer Discretionary,22,8.0,9.0,5.0,1615802550
302,PVH,pvhcorp,PVH Corp. (PVH),Consumer Discretionary,15,1.0,7.0,7.0,996012569117806595
303,QRVO,qorvoinc,"Qorvo, Inc. (QRVO)",Information Technology,36,20.0,9.0,8.0,2792823936
304,QCOM,qualcomm,QUALCOMM Incorporated (QCOM),Information Technology,19,2.0,6.0,11.0,84623395
305,PWR,quanta_services,"Quanta Services, Inc. (PWR)",Industrials,37,9.0,16.0,12.0,2478412250
306,RL,ralphlauren,Ralph Lauren Corporation (RL),Consumer Discretionary,14,1.0,6.0,7.0,34395888
307,RJF,raymondjames,"Raymond James Financial, Inc. (RJF)",Financials,29,2.0,13.0,15.0,17981602
308,O,realtyincome,Realty Income Corporation (O),Real Estate,19,7.0,7.0,5.0,475255646
309,REG,regencycenters,Regency Centers Corporation (REG),Real Estate,11,3.0,3.0,4.0,105159738
310,REGN,regeneron,"Regeneron Pharmaceuticals, Inc. (REGN)",Health Care,25,0.0,17.0,8.0,23077762
311,RF,regionsnews,Regions Financial Corporation (RF),Financials,20,1.0,10.0,8.0,1726561729
312,RMD,resmed,ResMed Inc. (RMD),Health Care,28,4.0,12.0,11.0,522734100
313,RHI,roberthalf,Robert Half International Inc. (RHI),Industrials,11,0.0,7.0,4.0,16637298
314,ROK,rokautomation,"Rockwell Automation, Inc. (ROK)",Industrials,22,7.0,9.0,7.0,44627268
315,ROP,industriesroper,"Roper Technologies, Inc. (ROP)",Industrials,21,1.0,14.0,6.0,2449921728
316,ROST,ross_stores,"Ross Stores, Inc. (ROST)",Consumer Discretionary,16,2.0,8.0,6.0,4261659374
317,RCL,royalcaribbean,Royal Caribbean Cruises Ltd. (RCL),Consumer Discretionary,23,10.0,9.0,4.0,36144455
318,SPGI,spglobal,S&P Global Inc. (SPGI),Financials,14,1.0,6.0,6.0,110522065
319,CRM,salesforce,"salesforce.com, inc. (CRM)",Information Technology,14,1.0,8.0,5.0,33612317
320,SLB,schlumberger,Schlumberger Limited (SLB),Energy,24,10.0,7.0,7.0,121609872
321,STX,seagate,Seagate Technology plc (STX),Information Technology,15,2.0,8.0,6.0,14762127
322,SEE,sealed_air,Sealed Air Corporation (SEE),Materials,20,13.0,2.0,4.0,59841697
323,SRE,sempraenergy,Sempra Energy (SRE),Utilities,30,13.0,10.0,6.0,20637451
324,NOW,servicenow,"ServiceNow, Inc. (NOW)",Information Technology,22,2.0,14.0,7.0,15766070
325,SHW,sherwinwilliams,The Sherwin-Williams Company (SHW),Materials,31,13.0,11.0,6.0,111372861
326,SWKS,skyworksinc,"Skyworks Solutions, Inc. (SWKS)",Information Technology,32,15.0,9.0,9.0,50125539
327,SLG,slgreen,SL Green Realty Corp. (SLG),Real Estate,15,4.0,4.0,8.0,607778163
328,SNA,snapon_tools,Snap-on Incorporated (SNA),Industrials,32,11.0,13.0,8.0,18892107
329,SO,southerncompany,The Southern Company (SO),Utilities,33,14.0,12.0,6.0,15864671
330,LUV,southwestair,Southwest Airlines Co. (LUV),Industrials,32,10.0,16.0,6.0,7212562
331,SWK,stanleyblkdeckr,"Stanley Black & Decker, Inc. (SWK)",Industrials,32,7.0,17.0,9.0,117789943
332,SBUX,starbucks,Starbucks Corporation (SBUX),Consumer Discretionary,21,3.0,13.0,5.0,30973
333,STT,statestreet,State Street Corporation (STT),Financials,22,2.0,11.0,8.0,331877987
334,SYK,strykercomm,Stryker Corporation (SYK),Health Care,37,4.0,20.0,12.0,709833640583294977
335,SNPS,synopsys,"Synopsys, Inc. (SNPS)",Information Technology,20,1.0,13.0,6.0,17427993
336,SYY,sysco,Sysco Corporation (SYY),Consumer Staples,13,2.0,6.0,5.0,823523768
